{"cameraMode":{"drawMode":0,"name":"Shaded","section":"Shading Mode"},"sceneLighting":true,"audioPlay":false,"sceneViewState":{"showFog":true,"showMaterialUpdate":false,"showSkybox":true,"showFlares":true,"showImageEffects":true,"showParticleSystems":true},"in2DMode":false,"pivot":{"x":-20.455921173095704,"y":4.907705783843994,"z":-10.081717491149903},"rotation":{"x":0.020836498588323594,"y":-0.8522689938545227,"z":0.03684837371110916,"w":0.5220152735710144},"size":19.759096145629884,"orthographic":false}