{"cameraMode":{"drawMode":0,"name":"Shaded","section":"Shading Mode"},"sceneLighting":false,"audioPlay":false,"sceneViewState":{"showFog":true,"showMaterialUpdate":false,"showSkybox":false,"showFlares":true,"showImageEffects":true,"showParticleSystems":true},"in2DMode":false,"pivot":{"x":-5.814981937408447,"y":5.04814338684082,"z":13.017475128173829},"rotation":{"x":-0.11655890196561814,"y":0.30271148681640627,"z":-0.03737112507224083,"w":-0.945274829864502},"size":25.10970115661621,"orthographic":false}