{"cameraMode":{"drawMode":0,"name":"Shaded","section":"Shading Mode"},"sceneLighting":false,"audioPlay":false,"sceneViewState":{"showFog":true,"showMaterialUpdate":false,"showSkybox":false,"showFlares":true,"showImageEffects":true,"showParticleSystems":true},"in2DMode":false,"pivot":{"x":1.3516350984573365,"y":-19.302762985229493,"z":32.063697814941409},"rotation":{"x":-0.3195143938064575,"y":-0.007667733356356621,"z":0.0025414724368602039,"w":-0.9476303458213806},"size":25.10970115661621,"orthographic":false}